activation,mean_pr_auc,std_pr_auc
'relu',0.5493190820012406,0.005144474196655046
'tanh',0.5503181171009932,0.005968542296509414
