activation,mean_f1,std_f1
'relu',0.4814422652849057,0.011085431818821748
'tanh',0.4827263491721638,0.01614137601642098
