alpha,mean_f1,std_f1
1e-05,0.4814422652849057,0.011085431818821748
3.16e-05,0.48417815559627875,0.014153012308729339
0.0001,0.48308116893096,0.017977884080425735
0.000316,0.4846081451838254,0.01150463266529648
0.001,0.4798878249227793,0.01777183743645193
