alpha,mean_pr_auc,std_pr_auc
1e-05,0.5493190820012406,0.005144474196655046
3.16e-05,0.550197792086467,0.0015431357627316478
0.0001,0.5441821764658511,0.009912694250581217
0.000316,0.5506372178207797,0.0050861150590606275
0.001,0.5426210144859189,0.009025651844968039
