batch_size,mean_pr_auc,std_pr_auc
64,0.5528650275273606,0.003478798023218367
128,0.5497682739060409,0.0056417072350653475
256,0.5493190820012406,0.005144474196655046
