batch_size,mean_f1,std_f1
64,0.47781671262146647,0.01084906822787947
128,0.47852590256732835,0.004617652325860081
256,0.4814422652849057,0.011085431818821748
