hidden_layer_sizes,mean_pr_auc,std_pr_auc
"(64,)",0.5396560288254667,0.004243094131510624
"(128,)",0.5401613767661612,0.0034502607626758137
"(256,)",0.5393193431308538,0.0038704789921881187
"(128, 64)",0.5438445145599573,0.007370512229032932
"(256, 128)",0.5466053559873062,0.0018955338555237586
"(256, 128, 64)",0.5493190820012406,0.005144474196655046
