hidden_layer_sizes,mean_f1,std_f1
"(64,)",0.4713426003667452,0.01481189787187211
"(128,)",0.47190362129419244,0.006449354955025278
"(256,)",0.47454610584466517,0.009405297474174972
"(128, 64)",0.4734710173445351,0.009007439576568795
"(256, 128)",0.48462287724378933,0.013190413376457467
"(256, 128, 64)",0.4814422652849057,0.011085431818821748
