learning_rate_init,mean_f1,std_f1
0.0001,0.47797681821479404,0.013127332701769117
0.000316,0.48219707328672756,0.01867695940688203
0.001,0.4739929859123322,0.004733416889196063
0.00316,0.4798969975679768,0.004384089657829147
0.01,0.48253773563520563,0.013874189636285037
