learning_rate_init,mean_pr_auc,std_pr_auc
0.0001,0.545827263021714,0.011482556248686675
0.000316,0.5442017813174719,0.010017292168509216
0.001,0.5460489786759068,0.0018292607141458237
0.00316,0.5430623923567314,0.005485335688631147
0.01,0.5433499816378481,0.0028473470325752863
