max_depth,n_estimators,f1,roc_auc,pr_auc
10,600,0.5417869848963165,0.7774204141557224,0.5538734989855998
10,800,0.5418257133323854,0.7773669817713141,0.5541867470139652
10,1000,0.5421144932263714,0.7771884056817769,0.5540158098714519
12,600,0.5369756572634844,0.7739666801748145,0.5494405835534351
12,800,0.53593246673691,0.7740639676932993,0.5495170580092773
12,1000,0.5361586019042683,0.774207013328605,0.5493604589118332
15,600,0.5164295531406022,0.7713663106373586,0.5433094861793601
15,800,0.5165029370424915,0.7714611672403823,0.5431055897338223
15,1000,0.5172211682838878,0.7718843128893975,0.5437105608474764
